{
    "wandb_name": "id38-c1_N=2_GMGS0.01BSS0.5_early",
    "epochs": 40,
    "lr": 0.0000007,
    "bs": 32,
    "lambda": {
        "GMGS": 0.01,
        "BS": 0.5
    },
    "pretrain_model_path": "None",
    "save_model_path": "models/id37-c4.pth",
    "dataset": {
        "window": 1,
        "year_split": {
            "train": {
                "start": 2010,
                "end": 2014
            },
            "valid": {
                "start": 2015,
                "end": 2015
            },
            "test": {
                "start": 2015,
                "end": 2015
            }
        },
        "mean": 91.8833,
        "std": 57.2211,
        "GMGS_score_matrix": [
            [
                0.031143319341880468,
                -0.3237192355206744,
                -0.6650970132984522,
                -1.0
            ],
            [
                -0.3237192355206744,
                5.170558303821244,
                4.829180526043467,
                4.494277539341918
            ],
            [
                -0.6650970132984522,
                4.829180526043467,
                18.974668555509417,
                18.63976556880787
            ],
            [
                -1.0,
                4.494277539341918,
                18.63976556880787,
                89.7601359391786
            ]
        ]
    },
    "MM": {
        "N": 2,
        "d_model": 128,
        "h": 4,
        "d_ff": 16,
        "dropout": 0.1
    },
    "SFM": {
        "N": 2,
        "d_model": 128,
        "h": 4,
        "d_ff": 16,
        "dropout": 0.1
    },
    "input_channel": 90,
    "output_channel": 4,
    "main_metric": "GMGS"
}