{
    "wandb_name": "id36-24_k=24_GMGS0.01BSS0.5_early",
    "epochs": 30,
    "lr": 0.0000007,
    "bs": 32,
    "lambda": {
        "GMGS": 0.01,
        "BS": 0.5
    },
    "pretrain_model_path": "None",
    "save_model_path": "models/id36-24.pth",
    "dataset": {
        "window": 24,
        "year_split": {
            "train": {
                "start": 2010,
                "end": 2016
            },
            "valid": {
                "start": 2017,
                "end": 2017
            },
            "test": {
                "start": 2017,
                "end": 2017
            }
        },
        "mean": 92.7943,
        "std": 56.7613,
        "GMGS_score_matrix": [
            [
                0.031143319341880468,
                -0.3237192355206744,
                -0.6650970132984522,
                -1.0
            ],
            [
                -0.3237192355206744,
                5.170558303821244,
                4.829180526043467,
                4.494277539341918
            ],
            [
                -0.6650970132984522,
                4.829180526043467,
                18.974668555509417,
                18.63976556880787
            ],
            [
                -1.0,
                4.494277539341918,
                18.63976556880787,
                89.7601359391786
            ]
        ]
    },
    "MM": {
        "N": 1,
        "d_model": 128,
        "h": 4,
        "d_ff": 16,
        "dropout": 0.1
    },
    "SFM": {
        "N": 1,
        "d_model": 128,
        "h": 4,
        "d_ff": 16,
        "dropout": 0.1
    },
    "input_channel": 90,
    "output_channel": 4,
    "main_metric": "GMGS"
}