{
    "wandb_name": "id60-3c_informer_MM2SFM2_EF",
    "epochs": 35,
    "lr": 0.0000007,
    "bs": 32,
    "lambda": {
        "GMGS": 0.0001,
        "BS": 10
    },
    "pretrain_model_path": "None",
    "save_model_path": "models/id60-3c.pth",
    "dataset": {
        "window": 3,
        "year_split": {
            "train": {
                "start": 2010,
                "end": 2014
            },
            "valid": {
                "start": 2015,
                "end": 2015
            },
            "test": {
                "start": 2015,
                "end": 2015
            }
        },
        "mean": 91.8833,
        "std": 57.2211,
        "GMGS_score_matrix": [
            [
                0.40374859,
                -0.28917092,
                -0.66291466,
                -1
            ],
            [
                -0.28917092,
                0.35315958,
                -0.02058416,
                -0.3576695
            ],
            [
                -0.66291466,
                -0.02058416,
                3.06231611,
                2.72523077
            ],
            [
                -1,
                -0.3576695,
                2.72523077,
                32.67234615
            ]
        ],
        "climatology": [
            0.8919,
            0.1081
        ]
    },
    "MM": {
        "N": 1,
        "d_model": 128,
        "h": 4,
        "d_ff": 16,
        "dropout": 0.1
    },
    "SFM": {
        "N": 1,
        "d_model": 128,
        "h": 4,
        "d_ff": 16,
        "dropout": 0.1
    },
    "input_channel": 90,
    "output_channel": 4,
    "main_metric": "GMGS"
}