{
    "wandb_name": "id24-d_bss_fix_lr0.0000005_id20+GMGS0.1BSS0.1",
    "epochs": 40,
    "lr": 0.0000005,
    "bs": 32,
    "lambda": {
        "GMGS": 0.1,
        "BS": 0.1
    },
    "pretrain_model_path": "None",
    "save_model_path": "models/id24-d.pth",
    "dataset": {
        "window": 1,
        "year_split": {
            "train": {
                "start": 2010,
                "end": 2015
            },
            "valid": {
                "start": 2016,
                "end": 2016
            },
            "test": {
                "start": 2016,
                "end": 2016
            }
        },
        "mean": 112.9843,
        "std": 40.3589,
        "GMGS_score_matrix": [
            [
                0.031143319341880468,
                -0.3237192355206744,
                -0.6650970132984522,
                -1.0
            ],
            [
                -0.3237192355206744,
                5.170558303821244,
                4.829180526043467,
                4.494277539341918
            ],
            [
                -0.6650970132984522,
                4.829180526043467,
                18.974668555509417,
                18.63976556880787
            ],
            [
                -1.0,
                4.494277539341918,
                18.63976556880787,
                89.7601359391786
            ]
        ]
    },
    "MM": {
        "N": 1,
        "d_model": 128,
        "h": 4,
        "d_ff": 16,
        "dropout": 0.1
    },
    "SFM": {
        "N": 1,
        "d_model": 128,
        "h": 4,
        "d_ff": 16,
        "dropout": 0.1
    },
    "input_channel": 90,
    "output_channel": 4,
    "main_metric": "GMGS"
}